{
	"nodes": [
		{
			"key": "a_node",
			"title": "A Node",
			"icon": "sap-icon://wrench",
			"status": "Success",
			"actionlinksbutton": false,
			"expandbutton": false,
			"attributes": [
				{
					"label": "price",
					"value": "$100"
				}
			]
		},
		{
			"key": "b_node",
			"title": "B Node",
			"icon": "sap-icon://wrench",
			"status": "Success",
			"detailbutton": false,
			"actionlinksbutton": false,
			"expandbutton": false,
			"attributes": [
				{
					"label": "price",
					"value": "$100"
				}
			],
			"actionButtons": [
				{
					"icon": "sap-icon://settings"
				}
			]
		},
		{
			"key": "c_node",
			"title": "C Node",
			"icon": "sap-icon://wrench",
			"status": "Success",
			"attributes": [
				{
					"label": "price",
					"value": "$100"
				}
			]
		}
	],
	"lines": [
		{
			"from": "b_node",
			"to": "c_node"
		}
	]
}