<mvc:View
        controllerName="sap.suite.ui.commons.sample.NetworkGraphCustomPopup.NetworkGraph"
        xmlns="sap.suite.ui.commons.networkgraph"
        xmlns:mvc="sap.ui.core.mvc"
        xmlns:m="sap.m"
        height="100%">
    <Graph
		enableWheelZoom="false"
        id="graph"
        orientation="TopBottom"
        height="100%"
        width="100%"
        nodes="{/nodes}"
        lines="{/lines}">
        <nodes>
            <Node
                    key="{key}"
                    title="{title}"
                    icon="{icon}"
                    attributes="{path:'attributes', templateShareable:true}"
                    actionButtons="{path:'actionButtons', templateShareable:true}"
                    showActionLinksButton="{actionlinksbutton}"
                    showDetailButton="{detailbutton}"
                    showExpandButton="{expandbutton}"
                    status="{status}"
                    press="nodePress">
                <attributes>
                    <ElementAttribute
                        label="{label}"
                        value="{value}"/>
                </attributes>
                <actionButtons>
                    <ActionButton
                        icon="{icon}"
                        title="Custom button"
                        press="buttonPress" />
                </actionButtons>
            </Node>
        </nodes>
        <lines>
            <Line
                    from="{from}"
                    to="{to}"
                    press="linePress">
            </Line>
        </lines>
    </Graph>
</mvc:View>
