<?xml version="1.0" encoding="utf-8"?>
<edmx:Edmx Version="1.0" xmlns:edmx="http://schemas.microsoft.com/ado/2007/06/edmx" xmlns:m="http://schemas.microsoft.com/ado/2007/08/dataservices/metadata" xmlns:sap="http://www.sap.com/Protocols/SAPData">
	<edmx:DataServices m:DataServiceVersion="2.0">
		<Schema Namespace="MYSAMPLE" xml:lang="en" sap:schema-version="0000" xmlns="http://schemas.microsoft.com/ado/2008/09/edm">
			<EntityType Name="Node" sap:content-version="1">
				<Key>
					<PropertyRef Name="key"/>
				</Key>
				<Property Name="key" Type="Edm.String" Nullable="false" MaxLength="10" sap:label="Key" sap:updatable="false"/>
				<Property Name="title" Type="Edm.String" sap:label="Title"/>
				<Property Name="shape" Type="Edm.String" sap:label="Shape"/>
				<Property Name="icon" Type="Edm.String" sap:label="Icon"/>
				<Property Name="status" Type="Edm.String" sap:label="Status"/>
			</EntityType>
			<EntityType Name="Line" sap:content-version="1">
				<Key>
					<PropertyRef Name="from"/>
				</Key>
				<Property Name="from" Type="Edm.String" Nullable="false" sap:label="From"/>
				<Property Name="to" Type="Edm.String" sap:label="To"/>
			</EntityType>

			<EntityContainer Name="MYSAMPLE_Entities" m:IsDefaultEntityContainer="true">
				<EntitySet Name="Nodes" EntityType="MYSAMPLE.Node" sap:content-version="1"/>
				<EntitySet Name="Lines" EntityType="MYSAMPLE.Line" sap:content-version="1"/>
			</EntityContainer>
			<atom:link rel="self" href="http://my.test.service.com/$metadata" xmlns:atom="http://www.w3.org/2005/Atom"/>
			<atom:link rel="latest-version" href="http://my.test.service.com/$metadata" xmlns:atom="http://www.w3.org/2005/Atom"/>
		</Schema>
	</edmx:DataServices>
</edmx:Edmx>
