<mvc:View
		controllerName="sap.suite.ui.commons.sample.NetworkGraphNoData.NetworkGraph"
		xmlns="sap.suite.ui.commons.networkgraph"
		xmlns:mvc="sap.ui.core.mvc"
		xmlns:m="sap.m"
		height="100%">
	<m:Page id="page"
			showHeader="false"
			enableScrolling="false">
		<m:content>
			<m:FlexBox fitContainer="true" renderType="Bare" direction="Column">
				<m:SegmentedButton selectionChange="changeData">
					<m:items>
						<m:SegmentedButtonItem text="Data" key="data"/>
						<m:SegmentedButtonItem text="No Data" key="nodata"/>
					</m:items>
				</m:SegmentedButton>
				<m:FlexBox fitContainer="true" id="container" renderType="Bare" height="100%">
					<Graph enableWheelZoom="false"
						   id="graph"
						   noDataText="Custom no data text."
						   nodes="{
									path: '/Nodes',
									parameters: {operationMode: 'Server'}
								}"
						   lines="{
									path: '/Lines',
									parameters: {operationMode: 'Server'}
								}">
						<layoutData>
							<m:FlexItemData width="100%"/>
						</layoutData>
						<nodes>
							<Node key="{key}"
								  title="{title}"
								  icon="{icon}"
								  status="{status}"
								  shape="{shape}"
							/>
						</nodes>
						<lines>
							<Line from="{from}"
								  to="{to}"/>
						</lines>
					</Graph>
				</m:FlexBox>
			</m:FlexBox>
		</m:content>
	</m:Page>
</mvc:View>
