{
	"d": {
		"results": [
			{
				"key": 0,
				"title": "Amber",
				"icon": "sap-icon://checklist",
				"status": "Error",
				"group": "T"
			},
			{
				"key": 1,
				"title": "Beads",
				"icon": "sap-icon://bubble-chart"
			},
			{
				"key": 2,
				"title": "Bow & arrows",
				"icon": "sap-icon://back-to-top"
			},
			{
				"key": 3,
				"title": "Broth",
				"icon": "sap-icon://competitor",
				"shape": "Box",
				"status": "Success"
			},
			{
				"key": 4,
				"title": "Bucket",
				"icon": "sap-icon://pipeline-analysis",
				"group": "V"
			},
			{
				"key": 5,
				"title": "Coat",
				"icon": "sap-icon://wounds-doc"
			},
			{
				"key": 6,
				"title": "Fish bone",
				"icon": "sap-icon://close-command-field",
				"group": "H"
			},
			{
				"key": 7,
				"title": "Flax",
				"icon": "sap-icon://sort-descending",
				"group": "F"
			},
			{
				"key": 8,
				"title": "Fur",
				"icon": "sap-icon://key-user-settings",
				"status": "Warning"
			},
			{
				"key": 9,
				"title": "Game",
				"icon": "sap-icon://laptop",
				"status": "Warning"
			},
			{
				"key": 10,
				"title": "Hemp",
				"icon": "sap-icon://radar-chart",
				"group": "F",
				"status": "Success"
			},
			{
				"key": 11,
				"title": "Husk",
				"icon": "sap-icon://product",
				"group": "V",
				"status": "Warning"
			},
			{
				"key": 12,
				"title": "Charcoal",
				"icon": "sap-icon://vertical-stacked-chart"
			},
			{
				"key": 13,
				"title": "Iron ingot",
				"icon": "sap-icon://value-help"
			},
			{
				"key": 14,
				"title": "Iron ore",
				"icon": "sap-icon://technical-object",
				"status": "Error",
				"group": "M"
			},
			{
				"key": 15,
				"title": "Kettle",
				"icon": "sap-icon://measuring-point"
			},
			{
				"key": 16,
				"title": "Leather",
				"icon": "sap-icon://map-3",
				"group": "H"
			},
			{
				"key": 17,
				"title": "Linen",
				"icon": "sap-icon://open-folder"
			},
			{
				"key": 18,
				"title": "Mud",
				"headerCheckbox": "Unchecked",
				"icon": "sap-icon://pool",
				"group": "V",
				"status": "Success",
				"shape": "Box",
				"maxWidth": 400
			},
			{
				"key": 19,
				"title": "Needle",
				"icon": "sap-icon://pushpin-off"
			},
			{
				"key": 20,
				"title": "Oxen fat",
				"icon": "sap-icon://pharmacy",
				"status": "Error"
			},
			{
				"key": 21,
				"title": "Pile & clay",
				"headerCheckbox": "Checked",
				"icon": "sap-icon://mileage",
				"group": "V",
				"status": "Dashed",
				"shape": "Box",
				"maxWidth": 400
			},
			{
				"key": 22,
				"title": "Rabbit",
				"icon": "sap-icon://Netweaver-business-client",
				"group": "H"
			},
			{
				"key": 23,
				"title": "Sickle",
				"icon": "sap-icon://restart",
				"group": "F"
			},
			{
				"key": 24,
				"title": "Sinews",
				"icon": "sap-icon://repost",
				"group": "H",
				"status": "Success"
			},
			{
				"key": 25,
				"title": "Smelter",
				"icon": "sap-icon://basket"
			},
			{
				"key": 26,
				"title": "Stones",
				"icon": "sap-icon://bbyd-dashboard",
				"group": "V",
				"status": "Success"
			},
			{
				"key": 27,
				"title": "Timber",
				"icon": "sap-icon://crossed-line-chart",
				"group": "F",
				"status": "Success"
			},
			{
				"key": 28,
				"title": "Trail",
				"icon": "sap-icon://horizontal-grip",
				"group": "H",
				"status": "Success"
			},
			{
				"key": 29,
				"title": "Trap",
				"icon": "sap-icon://flag",
				"group": "H"
			},
			{
				"key": 30,
				"title": "Trout",
				"icon": "sap-icon://attachment",
				"group": "H",
				"status": "Warning"
			},
			{
				"key": 31,
				"title": "Vegetable",
				"icon": "sap-icon://nutrition-activity",
				"group": "F",
				"status": "Warning"
			},
			{
				"key": 32,
				"title": "Water",
				"icon": "sap-icon://lab",
				"status": "Success"
			},
			{
				"key": 33,
				"title": "Whetstone",
				"icon": "sap-icon://measure",
				"status": "Success",
				"group": "T"
			},
			{
				"key": 34,
				"title": "Winter coat",
				"headerCheckbox": "Unchecked",
				"icon": "sap-icon://heating-cooling",
				"shape": "Box",
				"status": "Warning"
			},
			{
				"key": 35,
				"title": "Wood",
				"icon": "sap-icon://e-care",
				"group": "V",
				"status": "Success"
			}
		]
	}
}
